{"cameraMode":{"drawMode":0,"name":"Shaded","section":"Shading Mode"},"sceneLighting":true,"audioPlay":false,"sceneViewState":{"showFog":false,"showMaterialUpdate":false,"showSkybox":true,"showFlares":true,"showImageEffects":true,"showParticleSystems":true},"in2DMode":false,"pivot":{"x":1.087223768234253,"y":3.7446470260620119,"z":-2.1797029972076418},"rotation":{"x":0.47401610016822817,"y":0.06487312912940979,"z":-0.03506433218717575,"w":0.8774425983428955},"size":8.840022087097168,"orthographic":false}